<?xml version="1.0" encoding="UTF-8"?>

<!--Autogenerated by Cloudera Manager-->
<configuration>
  <!--'dfs.nameservices', originally set to 'nameservice1' (non-final), is overridden below by a safety valve-->
  <property>
    <name>dfs.client.failover.proxy.provider.nameservice1</name>
    <value>org.apache.hadoop.hdfs.server.namenode.ha.ConfiguredFailoverProxyProvider</value>
  </property>
  <property>
    <name>dfs.ha.automatic-failover.enabled.nameservice1</name>
    <value>true</value>
  </property>
  <property>
    <name>ha.zookeeper.quorum</name>
    <value>februs10.lab.df.sbrf.ru:2181,februs11.lab.df.sbrf.ru:2181,februs2.lab.df.sbrf.ru:2181</value>
  </property>
  <property>
    <name>dfs.ha.namenodes.nameservice1</name>
    <value>namenode103,namenode130</value>
  </property>
  <property>
    <name>dfs.namenode.rpc-address.nameservice1.namenode103</name>
    <value>februs10.lab.df.sbrf.ru:8020</value>
  </property>
  <property>
    <name>dfs.namenode.servicerpc-address.nameservice1.namenode103</name>
    <value>februs10.lab.df.sbrf.ru:8022</value>
  </property>
  <property>
    <name>dfs.namenode.http-address.nameservice1.namenode103</name>
    <value>februs10.lab.df.sbrf.ru:50070</value>
  </property>
  <property>
    <name>dfs.namenode.https-address.nameservice1.namenode103</name>
    <value>februs10.lab.df.sbrf.ru:50470</value>
  </property>
  <property>
    <name>dfs.namenode.rpc-address.nameservice1.namenode130</name>
    <value>februs11.lab.df.sbrf.ru:8020</value>
  </property>
  <property>
    <name>dfs.namenode.servicerpc-address.nameservice1.namenode130</name>
    <value>februs11.lab.df.sbrf.ru:8022</value>
  </property>
  <property>
    <name>dfs.namenode.http-address.nameservice1.namenode130</name>
    <value>februs11.lab.df.sbrf.ru:50070</value>
  </property>
  <property>
    <name>dfs.namenode.https-address.nameservice1.namenode130</name>
    <value>februs11.lab.df.sbrf.ru:50470</value>
  </property>
  <property>
    <name>dfs.replication</name>
    <value>3</value>
  </property>
  <property>
    <name>dfs.blocksize</name>
    <value>134217728</value>
  </property>
  <property>
    <name>dfs.client.use.datanode.hostname</name>
    <value>false</value>
  </property>
  <property>
    <name>fs.permissions.umask-mode</name>
    <value>022</value>
  </property>
  <property>
    <name>dfs.namenode.acls.enabled</name>
    <value>true</value>
  </property>
  <property>
    <name>dfs.data.transfer.protection</name>
    <value>authentication</value>
  </property>
  <property>
    <name>dfs.client.use.legacy.blockreader</name>
    <value>false</value>
  </property>
  <property>
    <name>dfs.client.read.shortcircuit</name>
    <value>false</value>
  </property>
  <property>
    <name>dfs.domain.socket.path</name>
    <value>/var/run/hdfs-sockets/dn</value>
  </property>
  <property>
    <name>dfs.client.read.shortcircuit.skip.checksum</name>
    <value>false</value>
  </property>
  <property>
    <name>dfs.client.domain.socket.data.traffic</name>
    <value>false</value>
  </property>
  <property>
    <name>dfs.datanode.hdfs-blocks-metadata.enabled</name>
    <value>true</value>
  </property>
  <property>
    <name>dfs.block.access.token.enable</name>
    <value>true</value>
  </property>
  <property>
    <name>dfs.namenode.kerberos.principal</name>
    <value>hdfs/_HOST@DF.SBRF.RU</value>
  </property>
  <property>
    <name>dfs.namenode.kerberos.internal.spnego.principal</name>
    <value>HTTP/_HOST@DF.SBRF.RU</value>
  </property>
  <property>
    <name>dfs.datanode.kerberos.principal</name>
    <value>hdfs/_HOST@DF.SBRF.RU</value>
  </property>
  <property>
    <name>dfs.http.policy</name>
    <value>HTTPS_ONLY</value>
  </property>
  <property>
    <name>com.sas.lasr.service.allow.put</name>
    <value>true</value>
  </property>
  <property>
    <name>com.sas.lasr.hadoop.service.namenode.port</name>
    <value>15452</value>
  </property>
  <property>
    <name>com.sas.lasr.hadoop.service.datanode.port</name>
    <value>15453</value>
  </property>
  <property>
    <name>df.namenode.fs-limits.min-block-size</name>
    <value>0</value>
  </property>
  <property>
    <name>dfs.nameservices</name>
    <value>nameservice1,Supercluster</value>
  </property>
  <property>
    <name>dfs.client.failover.proxy.provider.Supercluster</name>
    <value>org.apache.hadoop.hdfs.server.namenode.ha.ConfiguredFailoverProxyProvider</value>
  </property>
  <property>
    <name>dfs.ha.automatic-failover.enabled.Supercluster</name>
    <value>true</value>
  </property>
  <property>
    <name>dfs.ha.namenodes.Supercluster</name>
    <value>namenode97,namenode468</value>
  </property>
  <property>
    <name>dfs.namenode.rpc-address.Supercluster.namenode97</name>
    <value>fada1.cloud.df.sbrf.ru:8020</value>
  </property>
  <property>
    <name>dfs.namenode.rpc-address.Supercluster.namenode468</name>
    <value>fada22.cloud.df.sbrf.ru:8020</value>
  </property>
  <property>
    <name>dfs.namenode.servicerpc-address.Supercluster.namenode97</name>
    <value>fada1.cloud.df.sbrf.ru:8022</value>
  </property>
  <property>
    <name>dfs.namenode.http-address.Supercluster.namenode97</name>
    <value>fada1.cloud.df.sbrf.ru:50070</value>
  </property>
  <property>
    <name>dfs.namenode.https-address.Supercluster.namenode97</name>
    <value>fada1.cloud.df.sbrf.ru:50470</value>
  </property>
  <property>
    <name>dfs.namenode.servicerpc-address.Supercluster.namenode468</name>
    <value>fada22.cloud.df.sbrf.ru:8022</value>
  </property>
  <property>
    <name>dfs.namenode.http-address.Supercluster.namenode468</name>
    <value>fada22.cloud.df.sbrf.ru:50070</value>
  </property>
  <property>
    <name>dfs.namenode.https-address.Supercluster.namenode468</name>
    <value>fada22.cloud.df.sbrf.ru:50470</value>
  </property>
</configuration>
